well,Cq
A1,24.180858612060547
B1,24.15711784362793
C1,24.238229751586914
A2,20.74011993408203
B2,20.77970314025879
C2,20.78700828552246
A3,17.183801651000977
B3,17.171794891357422
C3,17.147598266601563
A4,13.774299621582031
B4,13.768831253051758
C4,13.779314041137695
A5,10.29498291015625
B5,10.362966537475586
C5,10.292966842651367
A6,6.967061996459961
B6,6.870273113250732
C6,6.735703945159912
